sequence,length,sense,start,end,distance,percent cds,repeat bases,No of offtarget,off targets,no of match nucleaotides,gc content,score
CATAGTGGCACAGTCTGTCA,20,TRUE,17327,17347,210,1,FALSE,0,[],[],50,476.1904762
GATGGATTCTAATCTTCCAA,20,TRUE,34154,34174,389,1,FALSE,0,[],[],35,257.0694087
TCAAGGACACAAGCCTGAAA,20,TRUE,46506,46526,925,1,FALSE,0,[],[],45,108.1081081
CAAACCCTGACCGCAGTCGG,20,TRUE,51661,51681,1129,1,FALSE,0,[],[],65,88.57395926
GGAGTATTGTGGAACTTATA,20,TRUE,51737,51757,1129,1,FALSE,0,[],[],35,88.57395926
GCCCTGGCCCTCAGCTGTGT,20,TRUE,62001,62021,2085,1,FALSE,0,[],[],70,47.9616307
TTGACACCACGGAATACCCT,20,TRUE,62080,62100,2085,1,FALSE,0,[],[],50,47.9616307
TGCCGCAGCATCACTAATTA,20,TRUE,66631,66651,2642,1,FALSE,0,[],[],45,37.85011355
CTAGACAATCTGATACCTCA,20,TRUE,87400,87420,3590,1,FALSE,0,[],[],40,27.8551532
CAAGGAGAATGAAGACAAGT,20,TRUE,112717,112737,4694,1,FALSE,0,[],[],40,21.30379207
ACCCTGGAAAAGCTGATGAA,20,TRUE,5151,5171,127,1,FALSE,5,"['NG_054933', 'NG_021161', 'NG_012694', 'NG_015894', 'NG_032113']","[14, 14, 14, 13, 13]",45,15.7480315
CCAGAATTTCAGAAACTTCT,20,TRUE,29606,29626,330,1,FALSE,2,"['NG_052833', 'NG_029524']","[12, 14]",35,15.15151515
GAGTCAGATGTCAGGATGGT,20,TRUE,29669,29689,330,1,FALSE,2,"['NG_016178', 'NG_008192']","[13, 11]",50,15.15151515
CTGTGGAGGTTTGCTGAGCT,20,TRUE,35712,35732,468,1,FALSE,2,"['NG_047032', 'NG_042829']","[14, 11]",55,10.68376068
TGACGCAGAGTCAGATGTCA,20,TRUE,29662,29682,330,1,FALSE,3,"['NG_032989', 'NG_028240', 'NG_027734']","[14, 13, 12]",50,10.1010101
GCAGAGTCAGATGTCAGGAT,20,TRUE,29666,29686,330,1,FALSE,3,"['NG_032989', 'NG_028240', 'NG_008192']","[14, 13, 11]",50,10.1010101
TGCAAACCCTGACCGCAGTC,20,TRUE,51659,51679,1129,1,FALSE,1,['NG_021407'],[12],60,8.857395926
AAACTTCTGGGCATCGCTAT,20,TRUE,29618,29638,330,1,FALSE,4,"['NG_052848', 'NG_054747', 'NG_053109', 'NG_052911']","[13, 12, 12, 12]",45,7.575757576
GGTTCGGCCTCAGAAATGCA,20,TRUE,35741,35761,468,1,FALSE,3,"['NG_047105', 'NG_046963', 'NG_011434']","[13, 13, 12]",55,7.122507123
GGCTACTAAATGTGCTCTTA,20,TRUE,45750,45770,747,1,FALSE,2,"['NG_028112', 'NG_011548']","[13, 13]",40,6.693440428
TTTCCACTCCAGGGTCAGCA,20,TRUE,57637,57657,1596,1,FALSE,1,['NG_032576'],[13],55,6.26566416
TGACAAGCTCTGCCACTGAT,20,TRUE,57736,57756,1596,1,FALSE,1,['NG_021264'],[14],50,6.26566416
ACAAGCTCTGCCACTGATGG,20,TRUE,57738,57758,1596,1,FALSE,1,['NG_047158'],[14],55,6.26566416
CCGGGTGATCAAGAAAACAA,20,TRUE,60728,60748,1837,1,FALSE,1,['NG_047145'],[13],45,5.443658138
ACTCCACTCTGCTGATTCTT,20,TRUE,46437,46457,925,1,FALSE,2,"['NG_012855', 'NG_012551']","[14, 14]",45,5.405405405
CTAAATGTGCTCTTAGGTAA,20,TRUE,45755,45775,747,0.8,FALSE,2,"['NG_028112', 'NG_016324']","[13, 12]",35,5.354752343
TATCAAAGTAAGAACCGTGT,20,TRUE,29713,29733,330,0.35,FALSE,2,"['NG_011781', 'NG_013021']","[12, 3]",35,5.303030303
AAAGTTCCTCTTGACACCAC,20,TRUE,62070,62090,2085,1,FALSE,1,['NG_012303'],[16],45,4.79616307
CATCTGCCAGCACTCAAGAA,20,TRUE,45709,45729,747,1,FALSE,3,"['NG_007853', 'NG_015813', 'NG_033097']","[15, 13, 13]",50,4.462293619
TCTTGAACTACATCGATCAT,20,TRUE,62908,62928,2243,1,FALSE,1,['NG_051586'],[12],35,4.458314757
AAGACCACAATGTTGTGACC,20,TRUE,51587,51607,1129,1,FALSE,2,"['NG_022929', 'NG_051577']","[13, 12]",45,4.428697963
CAGCTCACCGCTGCTAAGGA,20,TRUE,51691,51711,1129,1,FALSE,2,"['NG_012839', 'NG_011645']","[12, 5]",60,4.428697963
AGCCGTAGTGGGAGTATTGT,20,TRUE,51727,51747,1129,1,FALSE,2,"['NG_008605', 'NG_051591']","[17, 12]",50,4.428697963
AATGTGCTCTTAGGTAAGGT,20,TRUE,45758,45778,747,0.65,FALSE,2,"['NG_012207', 'NG_016324']","[8, 12]",40,4.350736278
GAGTTTGCGTGCTGCCCTGT,20,TRUE,35696,35716,468,1,FALSE,5,"['NG_047128', 'NG_051071', 'NG_042811', 'NG_066624', 'NG_008432']","[13, 13, 9, 12, 12]",60,4.273504274
TTTGCGTGCTGCCCTGTGGA,20,TRUE,35699,35719,468,1,FALSE,5,"['NG_047128', 'NG_007567', 'NG_051071', 'NG_050930', 'NG_042811']","[13, 13, 13, 13, 9]",60,4.273504274
TTGCTGCGGAAAACACTGAA,20,TRUE,63171,63191,2340,1,FALSE,1,['NG_016012'],[12],45,4.273504274
ACTTTCTGTGATTTGCAGCT,20,TRUE,53196,53216,1176,0.05,FALSE,0,[],[],40,4.25170068
GAATCAGTCCAGGAGACCTT,20,TRUE,37665,37685,606,1,FALSE,4,"['NG_033962', 'NG_007498', 'NG_052852', 'NG_009497']","[13, 13, 13, 13]",50,4.125412541
TCTGAGGAACAGTTCCTATT,20,TRUE,64797,64817,2479,1,FALSE,1,['NG_009164'],[13],40,4.033884631
TCTGAGGAACAGTTCCTATT,20,TRUE,64797,64817,2479,1,FALSE,1,['NG_009164'],[13],40,4.033884631
AGGAACAGTTCCTATTGGCT,20,TRUE,64801,64821,2479,1,FALSE,1,['NG_054916'],[12],45,4.033884631
CAGTTCCTATTGGCTGGTGA,20,TRUE,64806,64826,2479,1,FALSE,1,['NG_009816'],[13],50,4.033884631
GATGACTCTGAATCGAGATC,20,TRUE,55909,55929,1256,1,FALSE,2,"['NG_032943', 'NG_047050']","[12, 12]",45,3.98089172
GCTGCACCGACCGTGAGTTT,20,TRUE,5402,5422,127,0.6,FALSE,13,"['NG_047014', 'NG_052844', 'NG_021416', 'NG_013343', 'NG_005895', 'NG_033062', 'NG_029577', 'NG_023390', 'NG_016850', 'NG_016444', 'NG_012794', 'NG_051022', 'NG_016144']","[12, 12, 6, 3, 12, 3, 11, 11, 11, 11, 10, 15, 11]",60,3.634161114
GGAGTGACAAGGAAAGAAAT,20,TRUE,46535,46555,925,1,FALSE,3,"['NG_021467', 'NG_032772', 'NG_012826']","[14, 13, 13]",40,3.603603604
CTCCGTCAGCACAATAACCA,20,TRUE,70961,70981,2788,1,FALSE,1,['NG_032965'],[12],50,3.586800574
TGCCTTCCCAGTTTGCATTT,20,TRUE,75512,75532,2984,1,FALSE,1,['NG_029732'],[13],45,3.351206434
TTGCATTTGGAGTTTAGGTT,20,TRUE,75524,75544,2984,1,FALSE,1,['NG_050648'],[13],35,3.351206434
AGACCCGAAGAATCAGTCCA,20,TRUE,37656,37676,606,1,FALSE,5,"['NG_012925', 'NG_016799', 'NG_008057', 'NG_053097', 'NG_021272']","[13, 12, 12, 12, 11]",50,3.300330033
GCAGCTGTTCCCAAAATTAT,20,TRUE,37689,37709,606,1,FALSE,5,"['NG_033893', 'NG_034015', 'NG_011634', 'NG_050679', 'NG_011618']","[15, 14, 13, 13, 13]",40,3.300330033
GGCTTACTCGTTCCTGTCGA,20,TRUE,46409,46429,925,0.9,FALSE,3,"['NG_012969', 'NG_052962', 'NG_042850']","[12, 8, 11]",55,3.243243243
CCCTCAGAATGGTGCCCCTC,20,TRUE,35675,35695,468,0.6,FALSE,4,"['NG_011478', 'NG_023239', 'NG_007092', 'NG_061543']","[13, 12, 12, 12]",65,3.205128205
TGGCCGGAAACTTGCTTGCA,20,TRUE,77253,77273,3135,1,FALSE,1,['NG_012081'],[12],55,3.189792663
CGGTCACAGCACACACTGCA,20,TRUE,57684,57704,1596,1,FALSE,2,"['NG_012989', 'NG_029872']","[14, 13]",60,3.13283208
TCACAGCACACACTGCAGGC,20,TRUE,57687,57707,1596,1,FALSE,2,"['NG_053113', 'NG_051237']","[14, 13]",60,3.13283208
GCTCCCAGACCACCACCGAA,20,TRUE,57868,57888,1596,1,FALSE,2,"['NG_046907', 'NG_016747']","[13, 13]",65,3.13283208
GATTTGTTGTAGGCTTTGAT,20,TRUE,34137,34157,389,0.35,FALSE,3,"['NG_011723', 'NG_008939', 'NG_015813']","[13, 13, 2]",35,2.999143102
CAAATCTCTGAGAAGTTCAT,20,TRUE,78340,78360,3337,1,FALSE,1,['NG_051950'],[13],35,2.996703626
CACCAAGCAAGAGGAGGTCT,20,TRUE,78391,78411,3337,1,FALSE,1,['NG_051226'],[13],55,2.996703626
AATGTTGTGACCGGAGCCCT,20,TRUE,51595,51615,1129,1,FALSE,3,"['NG_033097', 'NG_027687', 'NG_028200']","[12, 11, 11]",55,2.952465309
CCGCTGCTAAGGAGGAGTCT,20,TRUE,51698,51718,1129,1,FALSE,3,"['NG_047159', 'NG_011553', 'NG_023366']","[13, 13, 13]",60,2.952465309
TACCGTTGAGTCCCAAGAAA,20,TRUE,84706,84726,3463,1,FALSE,1,['NG_029948'],[12],45,2.887669651
AAGGCAGTGAGGCCAGTGCA,20,TRUE,84724,84744,3463,1,FALSE,1,['NG_046850'],[13],60,2.887669651
CAAGCCTGAAAGGCAGCTTC,20,TRUE,46515,46535,925,1,FALSE,4,"['NG_041788', 'NG_023253', 'NG_029191', 'NG_046164']","[14, 13, 13, 1]",55,2.702702703
TTTAGTCGAGAACCAATGAT,20,TRUE,102681,102701,3777,1,FALSE,1,['NG_052784'],[12],35,2.647603918
TTACAGCTCGAGCTCTATAA,20,TRUE,34176,34196,389,1,FALSE,10,"['NG_047182', 'NG_050753', 'NG_034162', 'NG_012513', 'NG_008333', 'NG_008871', 'NG_011723', 'NG_052947', 'NG_046930', 'NG_042110']","[17, 12, 12, 12, 12, 11, 11, 11, 11, 11]",40,2.570694087
ACTCTCTTTGGCACAAACTT,20,TRUE,103242,103262,4000,1,FALSE,1,['NG_007406'],[14],40,2.5
ACTTGGCCTCCCAGTTTGAT,20,TRUE,103258,103278,4000,1,FALSE,1,['NG_034158'],[14],50,2.5
GACGCCAGCCTGAGGAACAT,20,TRUE,103404,103424,4000,1,FALSE,1,['NG_033907'],[14],60,2.5
GAGACCGCCATGGCGACCCT,20,TRUE,5136,5156,127,0.5,FALSE,16,"['NG_052652', 'NG_054717', 'NG_052981', 'NG_051290', 'NG_007570', 'NG_029226', 'NG_008360', 'NG_021399', 'NG_008203', 'NG_051589', 'NG_042810', 'NG_033202', 'NG_033136', 'NG_033058', 'NG_032771', 'NG_029545']","[13, 12, 12, 12, 12, 16, 12, 12, 12, 11, 9, 11, 10, 11, 11, 11]",70,2.460629921
ACAAAGAACCGTGCAGATAA,20,TRUE,105104,105124,4078,1,FALSE,1,['NG_046914'],[12],40,2.452182442
AGCTGTGTGGGAGCAGCTGT,20,TRUE,62013,62033,2085,1,FALSE,2,"['NG_028278', 'NG_023448']","[14, 14]",60,2.398081535
GTGCTCTTAGGTAAGGTGGA,20,TRUE,45761,45781,747,0.5,FALSE,3,"['NG_012207', 'NG_021320', 'NG_016324']","[8, 3, 12]",50,2.231146809
GAGCCACTGCCATTCTCTGT,20,TRUE,62947,62967,2243,1,FALSE,2,"['NG_054898', 'NG_034265']","[13, 13]",55,2.229157379
GCACCATTAGAACCCTCACA,20,TRUE,63025,63045,2243,1,FALSE,2,"['NG_008334', 'NG_053000']","[17, 13]",50,2.229157379
TATAGGCAAGTTATTAGCAA,20,TRUE,51753,51773,1129,0.25,FALSE,1,['NG_029710'],[1],30,2.214348981
ACAGTTCTGAAATTGTAAGT,20,TRUE,57916,57936,1596,0.7,FALSE,2,"['NG_051091', 'NG_047134']","[5, 13]",30,2.192982456
TGATCAAGAAAACAAGGTGA,20,TRUE,60733,60753,1837,0.8,FALSE,2,"['NG_032771', 'NG_029933']","[14, 18]",35,2.177463255
GGATTGCATTCCTTTGCTGC,20,TRUE,63158,63178,2340,1,FALSE,2,"['NG_017003', 'NG_029710']","[14, 13]",50,2.136752137
CCAATGTTAGCCAAACAGCA,20,TRUE,112775,112795,4694,1,FALSE,1,['NG_011445'],[13],45,2.130379207
AGTTGTTGAAGACTCTCTTT,20,TRUE,103231,103251,4000,0.85,FALSE,1,['NG_031945'],[15],35,2.125
GATGAGATCAGTGGAGAGCT,20,TRUE,57600,57620,1596,1,FALSE,3,"['NG_050635', 'NG_033943', 'NG_012794']","[13, 17, 13]",50,2.08855472
GTCCCATCTGACCCTGCCAT,20,TRUE,57804,57824,1596,1,FALSE,3,"['NG_011618', 'NG_029870', 'NG_008295']","[13, 13, 13]",60,2.08855472
GACCTGAATGATGGGACCCA,20,TRUE,57825,57845,1596,1,FALSE,3,"['NG_012518', 'NG_031978', 'NG_015843']","[15, 19, 13]",55,2.08855472
GAACTCTTCCATGGGTATGT,20,TRUE,60359,60379,1719,0.7,FALSE,2,"['NG_051076', 'NG_042838']","[13, 13]",45,2.036067481
CATCGATGTGCTGACTCTGA,20,TRUE,64782,64802,2479,1,FALSE,2,"['NG_011654', 'NG_054747']","[18, 12]",50,2.016942315
AAGCAGAAAACTTACACAGA,20,TRUE,66252,66272,2542,1,FALSE,2,"['NG_007120', 'NG_047111']","[14, 4]",35,1.966955153
GCAGAAAACTTACACAGAGG,20,TRUE,66254,66274,2542,1,FALSE,2,"['NG_007120', 'NG_047111']","[14, 4]",45,1.966955153
TTTGCTGAGCTGGCTCACCT,20,TRUE,35721,35741,468,1,FALSE,11,"['NG_012496', 'NG_029487', 'NG_032965', 'NG_013036', 'NG_011798', 'NG_052636', 'NG_051606', 'NG_047030', 'NG_033820', 'NG_021298', 'NG_031914']","[1, 14, 1, 13, 13, 13, 13, 13, 13, 11, 13]",55,1.942501943
GGTACCGACAACCAGTATTT,20,TRUE,60258,60278,1719,1,FALSE,3,"['NG_029438', 'NG_030404', 'NG_016169']","[12, 12, 12]",45,1.939111887
GCCTTCAGGAACTCTTCCAT,20,TRUE,60351,60371,1719,1,FALSE,3,"['NG_032772', 'NG_042838', 'NG_029924']","[14, 14, 17]",50,1.939111887
TGGCGTGCTGCTCACCCTGA,20,TRUE,46456,46476,925,1,FALSE,6,"['NG_008961', 'NG_008727', 'NG_053070', 'NG_031884', 'NG_013308', 'NG_009893']","[4, 14, 13, 1, 13, 13]",65,1.801801802
CTGCTCACCCTGAGGTATTT,20,TRUE,46463,46483,925,1,FALSE,6,"['NG_032973', 'NG_007276', 'NG_047043', 'NG_008961', 'NG_013308', 'NG_008727']","[16, 15, 7, 5, 13, 12]",50,1.801801802
CTGCTAAGGAGGAGTCTGGT,20,TRUE,51701,51721,1129,1,FALSE,5,"['NG_047159', 'NG_011634', 'NG_033823', 'NG_032948', 'NG_023366']","[15, 13, 13, 13, 13]",55,1.771479185
TACTAGGCAAAGTGCTCTTA,20,TRUE,55868,55888,1256,0.65,FALSE,3,"['NG_013369', 'NG_034143', 'NG_016459']","[13, 12, 12]",40,1.725053079
CAGTTTGCATTTGGAGTTTA,20,TRUE,75520,75540,2984,1,FALSE,2,"['NG_007497', 'NG_011781']","[15, 14]",35,1.675603217
GGAGTTTAGGTTGGCACTGT,20,TRUE,75532,75552,2984,1,FALSE,2,"['NG_053037', 'NG_051226']","[7, 16]",50,1.675603217
TTAGAACCCTCACAGGTAAC,20,TRUE,63031,63051,2243,0.75,FALSE,2,"['NG_021363', 'NG_047133']","[9, 8]",45,1.671868034
TGCATACACAGGCCTTACCT,20,TRUE,37599,37619,606,0.4,FALSE,4,"['NG_042828', 'NG_029688', 'NG_029916', 'NG_054762']","[1, 13, 13, 12]",50,1.650165017
GAGTGCCTCAGATGAGTCTA,20,TRUE,77134,77154,3135,1,FALSE,2,"['NG_029919', 'NG_053174']","[15, 13]",50,1.594896332
TCAGCAGCTCTGCCTTAACA,20,TRUE,55934,55954,1256,1,FALSE,5,"['NG_011882', 'NG_032122', 'NG_054892', 'NG_046909', 'NG_032930']","[15, 14, 13, 13, 13]",50,1.592356688
CAGTGAAGGATGAGATCAGT,20,TRUE,57592,57612,1596,1,FALSE,4,"['NG_029712', 'NG_013253', 'NG_013213', 'NG_009759']","[13, 13, 13, 13]",45,1.56641604
GAGAGCTGGCTGCTTCTTCA,20,TRUE,57613,57633,1596,1,FALSE,4,"['NG_021467', 'NG_053181', 'NG_047035', 'NG_009369']","[14, 14, 14, 13]",55,1.56641604
TTGAGCCACAGCTCCAGCCA,20,TRUE,57774,57794,1596,1,FALSE,4,"['NG_023040', 'NG_007574', 'NG_011756', 'NG_030026']","[14, 14, 14, 17]",60,1.56641604
CTGCCATGGACCTGAATGAT,20,TRUE,57817,57837,1596,1,FALSE,4,"['NG_008779', 'NG_009192', 'NG_008744', 'NG_013008']","[13, 13, 13, 12]",50,1.56641604
AGGCAGCTTCGGAGTGACAA,20,TRUE,46525,46545,925,1,FALSE,7,"['NG_033796', 'NG_012003', 'NG_008777', 'NG_033864', 'NG_012855', 'NG_053181', 'NG_053108']","[12, 16, 12, 11, 15, 11, 11]",55,1.544401544
TCTGCAGAGCAGCTTGTCCA,20,TRUE,46568,46588,925,1,FALSE,7,"['NG_033939', 'NG_009307', 'NG_008027', 'NG_052913', 'NG_047206', 'NG_029544', 'NG_032984']","[16, 15, 14, 13, 13, 17, 13]",55,1.544401544
TGAGCTGGCTCACCTGGTTC,20,TRUE,35726,35746,468,1,FALSE,14,"['NG_021298', 'NG_029487', 'NG_012496', 'NG_012222', 'NG_061633', 'NG_052636', 'NG_050684', 'NG_050688', 'NG_046961', 'NG_030590', 'NG_023049', 'NG_016757', 'NG_011798', 'NG_050912']","[11, 14, 1, 14, 3, 13, 17, 2, 4, 6, 2, 3, 13, 13]",60,1.526251526
GCAGCCACCAAGCAAGAGGA,20,TRUE,78386,78406,3337,1,FALSE,2,"['NG_029498', 'NG_028110']","[14, 13]",60,1.498351813
AACATTTGTGCCCACGTCCT,20,TRUE,78482,78502,3337,1,FALSE,2,"['NG_008374', 'NG_007954']","[14, 14]",50,1.498351813
TTCCACGTGGGAGATTGGAT,20,TRUE,63003,63023,2243,1,FALSE,3,"['NG_009557', 'NG_054877', 'NG_047092']","[13, 12, 12]",50,1.486104919
AGTCCCAAGAAAGGCAGTGA,20,TRUE,84714,84734,3463,1,FALSE,2,"['NG_021375', 'NG_029659']","[13, 13]",50,1.443834825
GCAGGTAAGTTGTACACTCT,20,TRUE,35758,35778,468,0.2,FALSE,3,"['NG_009053', 'NG_012826', 'NG_011779']","[2, 1, 2]",45,1.424501425
CTGTCTTCAGCCTCAGTGAA,20,TRUE,57579,57599,1596,0.45,FALSE,2,"['NG_009006', 'NG_029502']","[17, 13]",50,1.409774436
CTTTCTCAGATACTAGAGCT,20,TRUE,90673,90693,3700,1,FALSE,2,"['NG_052656', 'NG_008744']","[13, 11]",40,1.351351351
TGGCCACACTGCAGGACATT,20,TRUE,90692,90712,3700,1,FALSE,2,"['NG_052965', 'NG_029457']","[17, 14]",55,1.351351351
CTGGTGAGGACAGAGCTTCT,20,TRUE,64819,64839,2479,1,FALSE,3,"['NG_031952', 'NG_012797', 'NG_008649']","[2, 14, 14]",55,1.34462821
GCCGCATCAAAGGTGACATT,20,TRUE,61615,61635,1948,1,FALSE,4,"['NG_050594', 'NG_047122', 'NG_016016', 'NG_008033']","[13, 13, 12, 12]",50,1.283367556
AAGGCCGAGCACAGCGCCTT,20,TRUE,103306,103326,4000,1,FALSE,2,"['NG_029787', 'NG_008079']","[13, 13]",65,1.25
AGCCTGAGGAACATGGTGCA,20,TRUE,103410,103430,4000,1,FALSE,2,"['NG_042130', 'NG_016349']","[17, 13]",55,1.25
GCTGATCCAGTAGTGGCCGT,20,TRUE,70875,70895,2788,1,FALSE,3,"['NG_029475', 'NG_052814', 'NG_046984']","[7, 12, 12]",60,1.195600191
CGGGTTAATTACTGTCTTCT,20,TRUE,105400,105420,4239,1,FALSE,2,"['NG_029527', 'NG_015880']","[14, 13]",40,1.179523473
CTGCAGATTGGACAGCCCCA,20,TRUE,60282,60302,1719,1,FALSE,5,"['NG_011792', 'NG_008289', 'NG_007981', 'NG_016981', 'NG_011907']","[11, 13, 13, 12, 12]",60,1.163467132
ATTCTTCCTGATGAAGCCTC,20,TRUE,60327,60347,1719,1,FALSE,5,"['NG_033901', 'NG_029875', 'NG_008766', 'NG_011844', 'NG_007083']","[5, 14, 14, 12, 13]",45,1.163467132
CAGAGCAGCTTGTCCAGGTA,20,TRUE,46572,46592,925,0.85,FALSE,8,"['NG_008027', 'NG_032928', 'NG_052958', 'NG_051022', 'NG_012742', 'NG_033939', 'NG_032984', 'NG_013058']","[15, 14, 13, 13, 13, 13, 13, 13]",55,1.148648649
AAATCATTCAGCTCTGTGAT,20,TRUE,108715,108735,4442,1,FALSE,2,"['NG_052854', 'NG_042838']","[9, 13]",35,1.12561909
AGTGTGTTGAAGAGATCCTA,20,TRUE,102643,102663,3777,0.85,FALSE,2,"['NG_029475', 'NG_046732']","[13, 17]",40,1.125231665
CCATTCGGCGGACAGCGGCT,20,TRUE,45675,45695,747,1,FALSE,12,"['NG_008608', 'NG_053189', 'NG_007495', 'NG_012794', 'NG_023544', 'NG_047164', 'NG_046772', 'NG_031868', 'NG_012215', 'NG_031809', 'NG_029831', 'NG_029793']","[12, 12, 12, 12, 11, 11, 11, 11, 11, 11, 11, 11]",70,1.115573405
ATGGAGACCCACAGGTTCGA,20,TRUE,62926,62946,2243,1,FALSE,4,"['NG_016178', 'NG_052795', 'NG_031967', 'NG_011502']","[14, 13, 13, 13]",55,1.114578689
CATCTGCTCCATCCTCAGCA,20,TRUE,62975,62995,2243,1,FALSE,4,"['NG_042045', 'NG_050639', 'NG_027810', 'NG_064424']","[14, 14, 14, 17]",55,1.114578689
GAACAAATAAAGCTGATGCA,20,TRUE,110888,110908,4578,1,FALSE,2,"['NG_009894', 'NG_011756']","[14, 13]",35,1.092179991
GTTAGCTTGTACAGCTGTGA,20,TRUE,63215,63235,2340,1,FALSE,4,"['NG_021375', 'NG_052890', 'NG_052021', 'NG_012642']","[13, 13, 13, 12]",45,1.068376068
AAGAGCTGTACCGTTGGGAT,20,TRUE,77156,77176,3135,1,FALSE,3,"['NG_053064', 'NG_047132', 'NG_047049']","[12, 10, 11]",50,1.063264221
CATCATCACAGAACAGCCAC,20,TRUE,57665,57685,1596,1,FALSE,6,"['NG_015812', 'NG_054754', 'NG_051243', 'NG_050949', 'NG_011878', 'NG_029147']","[13, 17, 13, 13, 13, 13]",50,1.04427736
CAGGCGGACTCAGTGGATCT,20,TRUE,57702,57722,1596,1,FALSE,6,"['NG_011791', 'NG_046994', 'NG_056877', 'NG_009022', 'NG_021218', 'NG_013087']","[13, 13, 12, 12, 16, 12]",60,1.04427736
TTCGTCACTCCAAACACAAT,20,TRUE,117024,117044,4816,1,FALSE,2,"['NG_008781', 'NG_012807']","[13, 13]",40,1.03820598
CCCACCATTCGGCGGACAGC,20,TRUE,45671,45691,747,1,FALSE,13,"['NG_012794', 'NG_017201', 'NG_053189', 'NG_051309', 'NG_046772', 'NG_041822', 'NG_012215', 'NG_029793', 'NG_016966', 'NG_011807', 'NG_009365', 'NG_007406', 'NG_007282']","[12, 11, 11, 11, 11, 11, 11, 11, 11, 11, 11, 11, 11]",70,1.029760066
CCTTGCAGAGATTGACTTCA,20,TRUE,64845,64865,2479,1,FALSE,4,"['NG_031980', 'NG_007473', 'NG_051649', 'NG_033127']","[14, 13, 13, 12]",45,1.008471158
CGTGAGCACTGTTCAACTGT,20,TRUE,117981,118001,5051,1,FALSE,2,"['NG_051072', 'NG_009056']","[13, 13]",50,0.98990299
CTTCCTGATGAAGCCTCGGA,20,TRUE,60330,60350,1719,1,FALSE,6,"['NG_029875', 'NG_011844', 'NG_033936', 'NG_021141', 'NG_013079', 'NG_008766']","[14, 12, 13, 13, 13, 13]",55,0.969555943
TGAAGCCTCGGAGGCCTTCA,20,TRUE,60338,60358,1719,1,FALSE,6,"['NG_046730', 'NG_008074', 'NG_028278', 'NG_051951', 'NG_046947', 'NG_046752']","[13, 13, 12, 12, 12, 12]",60,0.969555943
GGTTCCGGACAGGGATGTGA,20,TRUE,61967,61987,2085,1,FALSE,5,"['NG_007853', 'NG_030333', 'NG_052809', 'NG_016178', 'NG_030020']","[13, 12, 12, 12, 12]",60,0.959232614
CACCTTCCCAAGGTCACGCT,20,TRUE,90595,90615,3700,0.35,FALSE,1,['NG_051198'],[15],60,0.945945946
GCTACACACGCTAACTACAA,20,TRUE,87504,87524,3590,1,FALSE,3,"['NG_055290', 'NG_009013', 'NG_008799']","[11, 11, 11]",45,0.928505107
GTGCCCTTGCTGCAGCAGCA,20,TRUE,46484,46504,925,1,FALSE,12,"['NG_033013', 'NG_033961', 'NG_031974', 'NG_009231', 'NG_029533', 'NG_065324', 'NG_012303', 'NG_052874', 'NG_046958', 'NG_041781', 'NG_034150', 'NG_033152']","[17, 16, 14, 14, 14, 13, 13, 13, 13, 13, 13, 1]",65,0.900900901
CTAGAGCTGGCCACACTGCA,20,TRUE,90685,90705,3700,1,FALSE,3,"['NG_052636', 'NG_032655', 'NG_032113']","[16, 14, 13]",60,0.900900901
ACACTGCAGGACATTGGGAA,20,TRUE,90697,90717,3700,1,FALSE,3,"['NG_052965', 'NG_032999', 'NG_029457']","[13, 17, 13]",50,0.900900901
GAGCTGGCTGCTTCTTCAGG,20,TRUE,57615,57635,1596,1,FALSE,7,"['NG_021467', 'NG_053181', 'NG_047035', 'NG_053173', 'NG_009369', 'NG_011447', 'NG_008098']","[14, 14, 14, 13, 13, 13, 17]",60,0.89509488
GGGCAGCTCACCGCTGCTAA,20,TRUE,51688,51708,1129,1,FALSE,10,"['NG_027827', 'NG_032135', 'NG_030338', 'NG_029671', 'NG_023237', 'NG_017089', 'NG_011645', 'NG_017066', 'NG_012839', 'NG_029066']","[13, 16, 1, 1, 16, 3, 5, 12, 12, 12]",65,0.885739593
AGCATAACAGACGTCACTAT,20,TRUE,73119,73139,2908,1,FALSE,4,"['NG_012051', 'NG_029898', 'NG_007102', 'NG_053029']","[12, 11, 11, 11]",40,0.859697387
ACCGTGCAGATAAGGTAAAT,20,TRUE,105111,105131,4078,0.7,FALSE,2,"['NG_031854', 'NG_008397']","[8, 7]",40,0.858263855
CTGTGATTTGCAGCTGGAGG,20,TRUE,53201,53221,1176,0.3,FALSE,3,"['NG_016715', 'NG_046775', 'NG_007488']","[16, 14, 14]",55,0.850340136
CCAACCCCAGCAAGTCACAA,20,TRUE,103288,103308,4000,1,FALSE,3,"['NG_052845', 'NG_016222', 'NG_008040']","[13, 13, 13]",55,0.833333333
CCGTACACCCACTTCACCCA,20,TRUE,103374,103394,4000,1,FALSE,3,"['NG_050735', 'NG_032813', 'NG_012155']","[18, 14, 13]",60,0.833333333
CCTCGCTGACGCCAGCCTGA,20,TRUE,103397,103417,4000,1,FALSE,3,"['NG_032814', 'NG_054880', 'NG_032121']","[12, 12, 12]",70,0.833333333
AGTATTTGGGCCTGCAGATT,20,TRUE,60271,60291,1719,1,FALSE,7,"['NG_011723', 'NG_032162', 'NG_034037', 'NG_023366', 'NG_016275', 'NG_008372', 'NG_012199']","[13, 13, 13, 13, 2, 13, 12]",45,0.831047951
CTAGGAAGAGCTGTACCGTT,20,TRUE,77151,77171,3135,1,FALSE,4,"['NG_011690', 'NG_008604', 'NG_028162', 'NG_053064']","[13, 13, 12, 12]",50,0.797448166
GACCCTGCTCTCGTCAGCTT,20,TRUE,77191,77211,3135,1,FALSE,4,"['NG_013034', 'NG_031980', 'NG_031933', 'NG_007536']","[12, 12, 12, 15]",60,0.797448166
TCGTCAGCTTGGTTCCCATT,20,TRUE,77201,77221,3135,1,FALSE,4,"['NG_047123', 'NG_042820', 'NG_029510', 'NG_031854']","[13, 13, 12, 12]",50,0.797448166
TTAGGAGAAGAAGAAGCCTT,20,TRUE,55885,55905,1256,1,FALSE,10,"['NG_052633', 'NG_011884', 'NG_033087', 'NG_021218', 'NG_008056', 'NG_029900', 'NG_016564', 'NG_052886', 'NG_007102', 'NG_054631']","[14, 14, 14, 14, 14, 13, 13, 13, 13, 13]",40,0.796178344
GGAGAAGAAGAAGCCTTGGA,20,TRUE,55888,55908,1256,1,FALSE,10,"['NG_052633', 'NG_013002', 'NG_008056', 'NG_029900', 'NG_007102', 'NG_052806', 'NG_050616', 'NG_011884', 'NG_034007', 'NG_033087']","[14, 14, 14, 13, 13, 13, 13, 13, 13, 13]",50,0.796178344
ACACTGCAGGCGGACTCAGT,20,TRUE,57696,57716,1596,1,FALSE,8,"['NG_053061', 'NG_032889', 'NG_022928', 'NG_053025', 'NG_029566', 'NG_042033', 'NG_028101', 'NG_023049']","[13, 13, 13, 11, 13, 12, 16, 12]",60,0.78320802
AAATTGTAAGTGGGCAGAGG,20,TRUE,57925,57945,1596,0.25,FALSE,2,"['NG_021316', 'NG_056877']","[14, 2]",45,0.78320802
AGAGATGAAGCTACTGAACC,20,TRUE,60710,60730,1837,1,FALSE,7,"['NG_030365', 'NG_017069', 'NG_008726', 'NG_029806', 'NG_027819', 'NG_015848', 'NG_012972']","[14, 14, 14, 17, 13, 13, 13]",45,0.777665448
TTGCTGCAGCAGCAGGTCAA,20,TRUE,46490,46510,925,1,FALSE,14,"['NG_050743', 'NG_011836', 'NG_052874', 'NG_065324', 'NG_053045', 'NG_046958', 'NG_016274', 'NG_027686', 'NG_012535', 'NG_012260', 'NG_009873', 'NG_031974', 'NG_033858', 'NG_021253']","[16, 12, 15, 14, 14, 14, 14, 14, 12, 14, 13, 13, 13, 13]",55,0.772200772
ATGTTGTCATCCATTTGCTT,20,TRUE,66582,66602,2642,1,FALSE,5,"['NG_021253', 'NG_029723', 'NG_011971', 'NG_051558', 'NG_051561']","[15, 14, 13, 13, 13]",35,0.757002271
TGGCATCATGGCCAGTGGAA,20,TRUE,108734,108754,4442,1,FALSE,3,"['NG_031884', 'NG_021364', 'NG_011463']","[15, 13, 13]",55,0.750412727
ATCATGGCCAGTGGAAGGAA,20,TRUE,108738,108758,4442,1,FALSE,3,"['NG_008724', 'NG_011463', 'NG_051993']","[15, 13, 13]",50,0.750412727
GAGGAGGTCTGGCCAGCCCT,20,TRUE,78401,78421,3337,1,FALSE,4,"['NG_013220', 'NG_033962', 'NG_011934', 'NG_016973']","[5, 13, 13, 13]",70,0.749175907
ATCGATCATGGAGACCCACA,20,TRUE,62919,62939,2243,1,FALSE,6,"['NG_021345', 'NG_008835', 'NG_008480', 'NG_011799', 'NG_051551', 'NG_050672']","[13, 13, 13, 12, 12, 12]",50,0.74305246
ACGACCTCTTTGTATTAAGA,20,TRUE,110867,110887,4578,1,FALSE,3,"['NG_033875', 'NG_052992', 'NG_012819']","[14, 13, 13]",35,0.728119994
AGACTCATCCAGTACCATCA,20,TRUE,110956,110976,4578,1,FALSE,3,"['NG_017163', 'NG_032135', 'NG_012552']","[14, 13, 12]",45,0.728119994
CAGCCCCAGGATGAAGATGA,20,TRUE,60294,60314,1719,1,FALSE,8,"['NG_033869', 'NG_007939', 'NG_052813', 'NG_009793', 'NG_013025', 'NG_029953', 'NG_054883', 'NG_052965']","[15, 10, 14, 14, 14, 13, 12, 13]",55,0.727166958
ATGAAGATGAGGAAGCCACA,20,TRUE,60304,60324,1719,1,FALSE,8,"['NG_011643', 'NG_033936', 'NG_065171', 'NG_051288', 'NG_030320', 'NG_012934', 'NG_009932', 'NG_007282']","[15, 15, 14, 14, 14, 14, 14, 14]",45,0.727166958
GGACAAGCTGATCCAGTAGT,20,TRUE,70869,70889,2788,1,FALSE,5,"['NG_012552', 'NG_032049', 'NG_016444', 'NG_053179', 'NG_052814']","[13, 13, 13, 12, 12]",50,0.717360115
ACAAGTAAATCCTCATCACT,20,TRUE,87432,87452,3590,1,FALSE,4,"['NG_012086', 'NG_034108', 'NG_009248', 'NG_056877']","[14, 13, 13, 13]",35,0.69637883
TTGACTCTCATGAAGCCCTT,20,TRUE,116929,116949,4816,1,FALSE,3,"['NG_016862', 'NG_032772', 'NG_027694']","[15, 13, 13]",45,0.69213732
CTGGTGGCCGAAGCCGTAGT,20,TRUE,51716,51736,1129,1,FALSE,13,"['NG_034123', 'NG_008727', 'NG_030672', 'NG_015830', 'NG_011968', 'NG_008357', 'NG_051186', 'NG_047109', 'NG_021316', 'NG_033900', 'NG_033239', 'NG_030020', 'NG_029121']","[13, 12, 12, 12, 12, 12, 11, 11, 11, 11, 11, 11, 15]",65,0.681338148
GGGTTTCTCCGCTCAGCCTT,20,TRUE,90646,90666,3700,1,FALSE,4,"['NG_012283', 'NG_007148', 'NG_046914', 'NG_033806']","[13, 12, 12, 12]",60,0.675675676
GCAGCAGCTACAGTGAGTTA,20,TRUE,64748,64768,2479,1,FALSE,6,"['NG_008838', 'NG_029094', 'NG_030563', 'NG_053171', 'NG_046979', 'NG_041791']","[15, 15, 14, 14, 14, 17]",50,0.672314105
GGCAGTGCTGGTTCCGGACA,20,TRUE,61958,61978,2085,0.7,FALSE,5,"['NG_033907', 'NG_007121', 'NG_029489', 'NG_054727', 'NG_050686']","[14, 13, 13, 12, 12]",65,0.67146283
GCTTGGAGATGAAGACCCCA,20,TRUE,66598,66618,2642,1,FALSE,6,"['NG_021404', 'NG_029502', 'NG_032024', 'NG_029693', 'NG_052801', 'NG_042803']","[15, 14, 14, 14, 13, 13]",55,0.630835226
GATGTGAGGGTCAGCGTGAA,20,TRUE,61980,62000,2085,1,FALSE,8,"['NG_033010', 'NG_033076', 'NG_016409', 'NG_009497', 'NG_016168', 'NG_013341', 'NG_051363', 'NG_051233']","[13, 17, 13, 13, 16, 12, 12, 12]",55,0.599520384
CTCTTCTCTCACCTGCTGAA,20,TRUE,78455,78475,3337,1,FALSE,5,"['NG_029852', 'NG_030584', 'NG_054935', 'NG_051563', 'NG_013261']","[19, 13, 3, 13, 13]",50,0.599340725
CAGTTTGAATACATTGAAGT,20,TRUE,107681,107701,4294,1,FALSE,4,"['NG_012577', 'NG_009887', 'NG_007980', 'NG_042181']","[14, 14, 13, 13]",30,0.582207732
CATTGAAGTGGGCCAGTTCA,20,TRUE,107692,107712,4294,1,FALSE,4,"['NG_050570', 'NG_011572', 'NG_012826', 'NG_054752']","[13, 12, 16, 12]",50,0.582207732
GAACCGTTTAGGTGTTAGAC,20,TRUE,60238,60258,1719,0.4,FALSE,4,"['NG_029764', 'NG_053034', 'NG_050771', 'NG_029888']","[7, 12, 12, 12]",45,0.581733566
AAGTCCCATCCGACGAAAGG,20,TRUE,84653,84673,3463,1,FALSE,5,"['NG_045001', 'NG_032652', 'NG_016798', 'NG_029457', 'NG_034057']","[12, 12, 11, 11, 10]",55,0.57753393
TTCTGTGATTTGCAGCTGGA,20,TRUE,53199,53219,1176,0.2,FALSE,3,"['NG_016715', 'NG_007488', 'NG_046775']","[15, 14, 14]",45,0.566893424
CAGCTCTGTGATGGCATCAT,20,TRUE,108723,108743,4442,1,FALSE,4,"['NG_007981', 'NG_053084', 'NG_032977', 'NG_016549']","[18, 13, 13, 13]",50,0.562809545
CCGCTTCCACGTGGGAGATT,20,TRUE,62999,63019,2243,1,FALSE,8,"['NG_012012', 'NG_029479', 'NG_009557', 'NG_009229', 'NG_054877', 'NG_047092', 'NG_030010', 'NG_029659']","[14, 13, 13, 13, 12, 12, 12, 12]",60,0.557289345
ACACGCTAACTACAAGGTAT,20,TRUE,87509,87529,3590,0.8,FALSE,4,"['NG_053017', 'NG_047029', 'NG_047038', 'NG_009416']","[14, 13, 12, 8]",40,0.557103064
TCTAGCCTTGCCGCATCAAA,20,TRUE,61606,61626,1948,0.7,FALSE,7,"['NG_051198', 'NG_009201', 'NG_063544', 'NG_021467', 'NG_021432', 'NG_007161', 'NG_054728']","[12, 12, 11, 11, 11, 11, 11]",50,0.513347023
CTGAGGAACATGGTGCAGGC,20,TRUE,103413,103433,4000,1,FALSE,5,"['NG_027693', 'NG_047052', 'NG_008468', 'NG_016349', 'NG_008931']","[14, 13, 13, 13, 13]",60,0.5
CCAGCAGCCACCAAGCAAGA,20,TRUE,78383,78403,3337,1,FALSE,6,"['NG_029498', 'NG_021143', 'NG_027827', 'NG_011971', 'NG_051965', 'NG_016707']","[14, 14, 14, 13, 13, 13]",60,0.499450604
GCCCACGTCCTGGATGACGT,20,TRUE,78491,78511,3337,1,FALSE,6,"['NG_016290', 'NG_012644', 'NG_052610', 'NG_046913', 'NG_031999', 'NG_023046']","[13, 13, 12, 12, 12, 12]",65,0.499450604
AAGGTATGATTGTTGCCTCA,20,TRUE,37746,37766,606,0.15,FALSE,5,"['NG_016564', 'NG_041814', 'NG_021290', 'NG_033012', 'NG_021400']","[2, 1, 2, 14, 10]",40,0.495049505
CTAAGTCCCATCCGACGAAA,20,TRUE,84651,84671,3463,1,FALSE,6,"['NG_051575', 'NG_045001', 'NG_032652', 'NG_016171', 'NG_016798', 'NG_051590']","[12, 12, 12, 12, 11, 11]",50,0.481278275
GAAACTTGCTTGCAGGTACT,20,TRUE,77259,77279,3135,0.75,FALSE,5,"['NG_062465', 'NG_012081', 'NG_051199', 'NG_009217', 'NG_011490']","[13, 13, 10, 16, 8]",45,0.4784689
GGCGCAGCTGGTTCAGTTAC,20,TRUE,105381,105401,4239,1,FALSE,5,"['NG_033137', 'NG_008401', 'NG_006987', 'NG_029940', 'NG_047071']","[13, 13, 12, 12, 12]",60,0.471809389
TGTCTTCTGGATTCAGATCA,20,TRUE,105412,105432,4239,1,FALSE,5,"['NG_007268', 'NG_054753', 'NG_033902', 'NG_011623', 'NG_021190']","[15, 13, 17, 13, 13]",40,0.471809389
AAGTAAATCCTCATCACTGG,20,TRUE,87434,87454,3590,1,FALSE,6,"['NG_012086', 'NG_034108', 'NG_016347', 'NG_009248', 'NG_056877', 'NG_034002']","[14, 13, 13, 13, 13, 13]",40,0.464252553
CTGGATCTTCAGAACAGCAC,20,TRUE,90613,90633,3700,1,FALSE,6,"['NG_009062', 'NG_050632', 'NG_011775', 'NG_011808', 'NG_009492', 'NG_047152']","[14, 6, 13, 13, 13, 13]",50,0.45045045
AGAACAGCACGGAAAAGTTT,20,TRUE,90623,90643,3700,1,FALSE,6,"['NG_029014', 'NG_054744', 'NG_029473', 'NG_032029', 'NG_029574', 'NG_012071']","[9, 13, 13, 12, 12, 12]",40,0.45045045
ACAGCACGGAAAAGTTTGGA,20,TRUE,90626,90646,3700,1,FALSE,6,"['NG_029014', 'NG_054744', 'NG_029473', 'NG_029376', 'NG_032029', 'NG_052835']","[9, 13, 13, 12, 12, 12]",45,0.45045045
GTGATGGCATCATGGCCAGT,20,TRUE,108730,108750,4442,1,FALSE,5,"['NG_031884', 'NG_021364', 'NG_052795', 'NG_034246', 'NG_032999']","[15, 14, 13, 13, 13]",55,0.450247636
GAAGGAAGGCTGTGACACAT,20,TRUE,108751,108771,4442,1,FALSE,5,"['NG_009447', 'NG_041804', 'NG_023046', 'NG_007098', 'NG_052675']","[14, 13, 13, 17, 13]",50,0.450247636
TGAAATTGTAAGTGGGCAGA,20,TRUE,57923,57943,1596,0.35,FALSE,5,"['NG_029948', 'NG_021316', 'NG_065365', 'NG_056877', 'NG_008481']","[6, 14, 13, 2, 13]",40,0.438596491
CCATGGGTATGTGGACTACA,20,TRUE,60367,60387,1719,0.3,FALSE,4,"['NG_047080', 'NG_053082', 'NG_052805', 'NG_047045']","[13, 12, 4, 12]",50,0.436300175
AGGGTCAGCGTGAAGGCCCT,20,TRUE,61986,62006,2085,1,FALSE,11,"['NG_008833', 'NG_007941', 'NG_034039', 'NG_013356', 'NG_028282', 'NG_016645', 'NG_013374', 'NG_011646', 'NG_011540', 'NG_009207', 'NG_033010']","[13, 12, 11, 12, 12, 12, 12, 12, 12, 12, 11]",65,0.436014825
TTCTTGGCAGTGCTGGTTCC,20,TRUE,61953,61973,2085,0.45,FALSE,5,"['NG_033907', 'NG_008112', 'NG_029839', 'NG_007121', 'NG_009873']","[14, 14, 14, 13, 13]",55,0.431654676
GGGTGAGCATAATCTTCTGT,20,TRUE,63235,63255,2340,0.1,FALSE,1,['NG_011814'],[17],45,0.427350427
GTCCTGCAGCAGTGCCACAA,20,TRUE,112700,112720,4694,1,FALSE,5,"['NG_031847', 'NG_012855', 'NG_012323', 'NG_051093', 'NG_030583']","[15, 14, 14, 13, 17]",60,0.426075841
TGCACGCTCTTATAGGTGTT,20,TRUE,112664,112684,4694,0.2,FALSE,1,['NG_012157'],[16],45,0.426075841
AGGCTGTGACACATGGTAAC,20,TRUE,108757,108777,4442,0.75,FALSE,4,"['NG_042871', 'NG_012051', 'NG_041804', 'NG_029844']","[13, 13, 13, 12]",50,0.422107159
CCTTGGCTCCTCCAGTGTGA,20,TRUE,103322,103342,4000,1,FALSE,6,"['NG_023374', 'NG_047130', 'NG_023246', 'NG_016201', 'NG_013007', 'NG_008019']","[14, 13, 13, 13, 13, 13]",60,0.416666667
TTGTACCACTACTGCTTCAT,20,TRUE,103350,103370,4000,1,FALSE,6,"['NG_021180', 'NG_011634', 'NG_008119', 'NG_051314', 'NG_007009', 'NG_052906']","[14, 13, 13, 13, 13, 12]",40,0.416666667
CAGTGAGGCCAGTGCAGGTA,20,TRUE,84728,84748,3463,0.85,FALSE,6,"['NG_042811', 'NG_050663', 'NG_047093', 'NG_034033', 'NG_008807', 'NG_011875']","[14, 13, 13, 13, 13, 13]",60,0.409086534
TGTGTGCAGTTACAGAAGCA,20,TRUE,105346,105366,4239,1,FALSE,6,"['NG_015803', 'NG_021259', 'NG_054928', 'NG_050663', 'NG_047093', 'NG_029854']","[15, 10, 13, 13, 13, 13]",45,0.393174491
TCCAGTACCATCAGGTAAGA,20,TRUE,110963,110983,4578,0.7,FALSE,4,"['NG_052998', 'NG_008139', 'NG_030375', 'NG_051578']","[7, 6, 7, 7]",45,0.382262997
CTTGTCCAGGTAGGAGCACA,20,TRUE,46580,46600,925,0.45,FALSE,13,"['NG_047118', 'NG_012285', 'NG_012284', 'NG_008625', 'NG_008624', 'NG_008301', 'NG_008091', 'NG_016432', 'NG_032046', 'NG_050626', 'NG_047038', 'NG_029091', 'NG_023202']","[15, 15, 15, 15, 15, 15, 15, 6, 13, 13, 13, 13, 5]",55,0.374220374
GCTCCTCCAGTGTGAGGCCA,20,TRUE,103327,103347,4000,1,FALSE,7,"['NG_023374', 'NG_008353', 'NG_008019', 'NG_052909', 'NG_050931', 'NG_023246', 'NG_008694']","[15, 6, 13, 17, 13, 13, 4]",65,0.357142857
TCCTGGATGACGTGGCTCCT,20,TRUE,78498,78518,3337,1,FALSE,9,"['NG_031999', 'NG_023046', 'NG_012644', 'NG_016290', 'NG_033236', 'NG_029913', 'NG_021256', 'NG_009646', 'NG_008193']","[13, 13, 13, 12, 12, 12, 12, 12, 11]",60,0.33296707
AGCAGGTCCCGCTTCCACGT,20,TRUE,62991,63011,2243,1,FALSE,14,"['NG_029689', 'NG_013021', 'NG_052807', 'NG_052784', 'NG_033995', 'NG_029971', 'NG_029629', 'NG_029594', 'NG_012172', 'NG_012012', 'NG_009229', 'NG_008617', 'NG_008191', 'NG_033795']","[13, 12, 12, 12, 12, 12, 12, 12, 12, 12, 12, 16, 12, 11]",65,0.318451054
CCTTCCTGTAGGTGTTTATT,20,TRUE,107646,107666,4294,0.4,FALSE,3,"['NG_033088', 'NG_029496', 'NG_046866']","[7, 18, 3]",40,0.31051079
GCTCCTGGACCCGCAATAAA,20,TRUE,78512,78532,3337,1,FALSE,10,"['NG_052968', 'NG_007068', 'NG_052795', 'NG_034158', 'NG_029580', 'NG_029480', 'NG_009063', 'NG_017066', 'NG_021397', 'NG_012954']","[13, 13, 12, 12, 12, 12, 12, 11, 11, 11]",55,0.299670363
TTAGATTTGCTGGCGCAGCT,20,TRUE,105370,105390,4239,1,FALSE,8,"['NG_016391', 'NG_053094', 'NG_053040', 'NG_034153', 'NG_012655', 'NG_029875', 'NG_021201', 'NG_007084']","[13, 12, 12, 12, 12, 12, 12, 12]",50,0.294880868
GAGCAGGAGAACGACACCTC,20,TRUE,103434,103454,4000,1,FALSE,9,"['NG_046802', 'NG_051835', 'NG_029844', 'NG_052810', 'NG_008852', 'NG_011691', 'NG_029427', 'NG_012292', 'NG_012002']","[13, 13, 12, 12, 12, 12, 12, 12, 16]",60,0.277777778
AAAACAAGGTGAGGGACATA,20,TRUE,60741,60761,1837,0.4,FALSE,8,"['NG_052870', 'NG_008973', 'NG_042828', 'NG_032904', 'NG_029005', 'NG_011589', 'NG_007986', 'NG_008982']","[3, 13, 4, 6, 13, 3, 17, 12]",40,0.272182907
GCAGGAGAACGACACCTCGG,20,TRUE,103436,103456,4000,1,FALSE,10,"['NG_046802', 'NG_029844', 'NG_052810', 'NG_008852', 'NG_011691', 'NG_029427', 'NG_008319', 'NG_016976', 'NG_008643', 'NG_016646']","[13, 12, 12, 12, 12, 12, 12, 11, 11, 11]",65,0.25
GGTGATTTCTTGGCAGTGCT,20,TRUE,61947,61967,2085,0.15,FALSE,3,"['NG_009873', 'NG_034109', 'NG_009497']","[14, 14, 13]",50,0.239808153
AAAATGGTGAGTACAAAAGG,20,TRUE,61717,61737,1948,0.3,FALSE,7,"['NG_013019', 'NG_017036', 'NG_012654', 'NG_012510', 'NG_029056', 'NG_011881', 'NG_011740']","[5, 5, 13, 5, 3, 2, 16]",35,0.220005867
GTGCAGGTAGGAAACAGCGT,20,TRUE,84739,84759,3463,0.3,FALSE,4,"['NG_029689', 'NG_053179', 'NG_052673', 'NG_027894']","[3, 13, 13, 13]",55,0.216575224
AACATGGTGCAGGCGGAGCA,20,TRUE,103419,103439,4000,1,FALSE,12,"['NG_009262', 'NG_030371', 'NG_012492', 'NG_009557', 'NG_027759', 'NG_011468', 'NG_008468', 'NG_029844', 'NG_012855', 'NG_033836', 'NG_047072', 'NG_033964']","[15, 12, 13, 17, 13, 13, 13, 12, 12, 12, 16, 16]",60,0.208333333
GCAGGTAGGAAACAGCGTGG,20,TRUE,84741,84761,3463,0.2,FALSE,3,"['NG_029689', 'NG_053179', 'NG_052673']","[3, 13, 13]",60,0.19251131
ATAAAGGTAATGTCCCACTT,20,TRUE,78527,78547,3337,0.3,FALSE,5,"['NG_021315', 'NG_011883', 'NG_053148', 'NG_052826', 'NG_032806']","[14, 3, 2, 3, 3]",35,0.179802218
TGTTTCTTTCTTCTCAGTTT,20,TRUE,75460,75480,2984,0.1,FALSE,2,"['NG_046958', 'NG_053191']","[15, 14]",30,0.167560322
ACCAGGTATGCTGACCCAGT,20,TRUE,70977,70997,2788,0.25,FALSE,6,"['NG_034137', 'NG_029724', 'NG_033961', 'NG_047013', 'NG_046847', 'NG_042168']","[10, 10, 4, 12, 4, 4]",55,0.149450024
TTTATTCCCATTTGGCAGAT,20,TRUE,105028,105048,4078,0.05,FALSE,1,['NG_063914'],[1],35,0.122609122
AGGTAAATGGTGCCGTTTGT,20,TRUE,105123,105143,4078,0.1,FALSE,2,"['NG_042855', 'NG_053191']","[12, 12]",45,0.122609122
TTTGTCCCCACAGCCATACC,20,TRUE,110827,110847,4578,0.3,FALSE,6,"['NG_029659', 'NG_046928', 'NG_047135', 'NG_032655', 'NG_032868', 'NG_029954']","[3, 13, 13, 13, 13, 13]",55,0.109217999
AGGTAAGAGGAATGTATGTT,20,TRUE,110975,110995,4578,0.1,FALSE,2,"['NG_053000', 'NG_008855']","[1, 15]",35,0.109217999
CAATGGTGAGTCTCTCGCCT,20,TRUE,117040,117060,4816,0.25,FALSE,6,"['NG_007383', 'NG_029781', 'NG_008394', 'NG_029663', 'NG_033102', 'NG_032583']","[3, 4, 2, 12, 4, 4]",55,0.086517165
AGTAAGTCTCTTTCTTGATC,20,TRUE,73211,73231,2908,0.05,FALSE,3,"['NG_062465', 'NG_052955', 'NG_008248']","[13, 13, 13]",35,0.057313159
AGGTTTGTCCCCGCAGCCTT,20,TRUE,112794,112814,4694,0.1,FALSE,10,"['NG_016356', 'NG_029688', 'NG_007123', 'NG_011782', 'NG_053182', 'NG_051604', 'NG_046899', 'NG_011804', 'NG_029544', 'NG_034126']","[3, 2, 13, 12, 1, 12, 12, 12, 1, 1]",60,0.021303792
