sequence,length,sense,start,end,distance,percent cds,repeat bases,No of offtarget,off targets,no of match nucleaotides,gc content,score
TTAGGAGAAGAAGAAGCCTT,20,True,55885,55905,1256,1.0,False,10,"['NG_052633', 'NG_011884', 'NG_033087', 'NG_021218', 'NG_008056', 'NG_029900', 'NG_016564', 'NG_052886', 'NG_007102', 'NG_054631']","[14, 14, 14, 14, 14, 13, 13, 13, 13, 13]",40.0,0.7961783439490445
GGAGAAGAAGAAGCCTTGGA,20,True,55888,55908,1256,1.0,False,10,"['NG_052633', 'NG_013002', 'NG_008056', 'NG_029900', 'NG_007102', 'NG_052806', 'NG_050616', 'NG_011884', 'NG_034007', 'NG_033087']","[14, 14, 14, 13, 13, 13, 13, 13, 13, 13]",50.0,0.7961783439490445
GATGACTCTGAATCGAGATC,20,True,55909,55929,1256,1.0,False,2,"['NG_032943', 'NG_047050']","[12, 12]",45.0,3.9808917197452227
TCAGCAGCTCTGCCTTAACA,20,True,55934,55954,1256,1.0,False,5,"['NG_011882', 'NG_032122', 'NG_054892', 'NG_046909', 'NG_032930']","[15, 14, 13, 13, 13]",50.0,1.592356687898089
CTGTCTTCAGCCTCAGTGAA,20,True,57579,57599,1596,0.45,False,2,"['NG_009006', 'NG_029502']","[17, 13]",50.0,1.4097744360902256
CAGTGAAGGATGAGATCAGT,20,True,57592,57612,1596,1.0,False,4,"['NG_029712', 'NG_013253', 'NG_013213', 'NG_009759']","[13, 13, 13, 13]",45.0,1.5664160401002507
GATGAGATCAGTGGAGAGCT,20,True,57600,57620,1596,1.0,False,3,"['NG_050635', 'NG_033943', 'NG_012794']","[13, 17, 13]",50.0,2.0885547201336676
GAGAGCTGGCTGCTTCTTCA,20,True,57613,57633,1596,1.0,False,4,"['NG_021467', 'NG_053181', 'NG_047035', 'NG_009369']","[14, 14, 14, 13]",55.0,1.5664160401002507
GAGCTGGCTGCTTCTTCAGG,20,True,57615,57635,1596,1.0,False,7,"['NG_021467', 'NG_053181', 'NG_047035', 'NG_053173', 'NG_009369', 'NG_011447', 'NG_008098']","[14, 14, 14, 13, 13, 13, 17]",60.0,0.8950948800572861
TTTCCACTCCAGGGTCAGCA,20,True,57637,57657,1596,1.0,False,1,['NG_032576'],[13],55.0,6.265664160401003
CATCATCACAGAACAGCCAC,20,True,57665,57685,1596,1.0,False,6,"['NG_015812', 'NG_054754', 'NG_051243', 'NG_050949', 'NG_011878', 'NG_029147']","[13, 17, 13, 13, 13, 13]",50.0,1.0442773600668338
CGGTCACAGCACACACTGCA,20,True,57684,57704,1596,1.0,False,2,"['NG_012989', 'NG_029872']","[14, 13]",60.0,3.1328320802005014
TCACAGCACACACTGCAGGC,20,True,57687,57707,1596,1.0,False,2,"['NG_053113', 'NG_051237']","[14, 13]",60.0,3.1328320802005014
ACACTGCAGGCGGACTCAGT,20,True,57696,57716,1596,1.0,False,8,"['NG_053061', 'NG_032889', 'NG_022928', 'NG_053025', 'NG_029566', 'NG_042033', 'NG_028101', 'NG_023049']","[13, 13, 13, 11, 13, 12, 16, 12]",60.0,0.7832080200501254
CAGGCGGACTCAGTGGATCT,20,True,57702,57722,1596,1.0,False,6,"['NG_011791', 'NG_046994', 'NG_056877', 'NG_009022', 'NG_021218', 'NG_013087']","[13, 13, 12, 12, 16, 12]",60.0,1.0442773600668338
TGACAAGCTCTGCCACTGAT,20,True,57736,57756,1596,1.0,False,1,['NG_021264'],[14],50.0,6.265664160401003
ACAAGCTCTGCCACTGATGG,20,True,57738,57758,1596,1.0,False,1,['NG_047158'],[14],55.0,6.265664160401003
TTGAGCCACAGCTCCAGCCA,20,True,57774,57794,1596,1.0,False,4,"['NG_023040', 'NG_007574', 'NG_011756', 'NG_030026']","[14, 14, 14, 17]",60.0,1.5664160401002507
GTCCCATCTGACCCTGCCAT,20,True,57804,57824,1596,1.0,False,3,"['NG_011618', 'NG_029870', 'NG_008295']","[13, 13, 13]",60.0,2.0885547201336676
CTGCCATGGACCTGAATGAT,20,True,57817,57837,1596,1.0,False,4,"['NG_008779', 'NG_009192', 'NG_008744', 'NG_013008']","[13, 13, 13, 12]",50.0,1.5664160401002507
GACCTGAATGATGGGACCCA,20,True,57825,57845,1596,1.0,False,3,"['NG_012518', 'NG_031978', 'NG_015843']","[15, 19, 13]",55.0,2.0885547201336676
GCTCCCAGACCACCACCGAA,20,True,57868,57888,1596,1.0,False,2,"['NG_046907', 'NG_016747']","[13, 13]",65.0,3.1328320802005014
ACAGTTCTGAAATTGTAAGT,20,True,57916,57936,1596,0.7,False,2,"['NG_051091', 'NG_047134']","[5, 13]",30.0,2.192982456140351
TGAAATTGTAAGTGGGCAGA,20,True,57923,57943,1596,0.35,False,5,"['NG_029948', 'NG_021316', 'NG_065365', 'NG_056877', 'NG_008481']","[6, 14, 13, 2, 13]",40.0,0.4385964912280702
AAATTGTAAGTGGGCAGAGG,20,True,57925,57945,1596,0.25,False,2,"['NG_021316', 'NG_056877']","[14, 2]",45.0,0.7832080200501254
GAACCGTTTAGGTGTTAGAC,20,True,60238,60258,1719,0.4,False,4,"['NG_029764', 'NG_053034', 'NG_050771', 'NG_029888']","[7, 12, 12, 12]",45.0,0.5817335660267597
GGTACCGACAACCAGTATTT,20,True,60258,60278,1719,1.0,False,3,"['NG_029438', 'NG_030404', 'NG_016169']","[12, 12, 12]",45.0,1.9391118867558659
AGTATTTGGGCCTGCAGATT,20,True,60271,60291,1719,1.0,False,7,"['NG_011723', 'NG_032162', 'NG_034037', 'NG_023366', 'NG_016275', 'NG_008372', 'NG_012199']","[13, 13, 13, 13, 2, 13, 12]",45.0,0.8310479514667997
CTGCAGATTGGACAGCCCCA,20,True,60282,60302,1719,1.0,False,5,"['NG_011792', 'NG_008289', 'NG_007981', 'NG_016981', 'NG_011907']","[11, 13, 13, 12, 12]",60.0,1.1634671320535195
CAGCCCCAGGATGAAGATGA,20,True,60294,60314,1719,1.0,False,8,"['NG_033869', 'NG_007939', 'NG_052813', 'NG_009793', 'NG_013025', 'NG_029953', 'NG_054883', 'NG_052965']","[15, 10, 14, 14, 14, 13, 12, 13]",55.0,0.7271669575334497
ATGAAGATGAGGAAGCCACA,20,True,60304,60324,1719,1.0,False,8,"['NG_011643', 'NG_033936', 'NG_065171', 'NG_051288', 'NG_030320', 'NG_012934', 'NG_009932', 'NG_007282']","[15, 15, 14, 14, 14, 14, 14, 14]",45.0,0.7271669575334497
ATTCTTCCTGATGAAGCCTC,20,True,60327,60347,1719,1.0,False,5,"['NG_033901', 'NG_029875', 'NG_008766', 'NG_011844', 'NG_007083']","[5, 14, 14, 12, 13]",45.0,1.1634671320535195
CTTCCTGATGAAGCCTCGGA,20,True,60330,60350,1719,1.0,False,6,"['NG_029875', 'NG_011844', 'NG_033936', 'NG_021141', 'NG_013079', 'NG_008766']","[14, 12, 13, 13, 13, 13]",55.0,0.9695559433779329
TGAAGCCTCGGAGGCCTTCA,20,True,60338,60358,1719,1.0,False,6,"['NG_046730', 'NG_008074', 'NG_028278', 'NG_051951', 'NG_046947', 'NG_046752']","[13, 13, 12, 12, 12, 12]",60.0,0.9695559433779329
GCCTTCAGGAACTCTTCCAT,20,True,60351,60371,1719,1.0,False,3,"['NG_032772', 'NG_042838', 'NG_029924']","[14, 14, 17]",50.0,1.9391118867558659
GAACTCTTCCATGGGTATGT,20,True,60359,60379,1719,0.7,False,2,"['NG_051076', 'NG_042838']","[13, 13]",45.0,2.036067481093659
CCATGGGTATGTGGACTACA,20,True,60367,60387,1719,0.3,False,4,"['NG_047080', 'NG_053082', 'NG_052805', 'NG_047045']","[13, 12, 4, 12]",50.0,0.4363001745200698
AGAGATGAAGCTACTGAACC,20,True,60710,60730,1837,1.0,False,7,"['NG_030365', 'NG_017069', 'NG_008726', 'NG_029806', 'NG_027819', 'NG_015848', 'NG_012972']","[14, 14, 14, 17, 13, 13, 13]",45.0,0.7776654483241309
CCGGGTGATCAAGAAAACAA,20,True,60728,60748,1837,1.0,False,1,['NG_047145'],[13],45.0,5.443658138268916
TGATCAAGAAAACAAGGTGA,20,True,60733,60753,1837,0.8,False,2,"['NG_032771', 'NG_029933']","[14, 18]",35.0,2.1774632553075666
AAAACAAGGTGAGGGACATA,20,True,60741,60761,1837,0.4,False,8,"['NG_052870', 'NG_008973', 'NG_042828', 'NG_032904', 'NG_029005', 'NG_011589', 'NG_007986', 'NG_008982']","[3, 13, 4, 6, 13, 3, 17, 12]",40.0,0.2721829069134458
TCTAGCCTTGCCGCATCAAA,20,True,61606,61626,1948,0.7,False,7,"['NG_051198', 'NG_009201', 'NG_063544', 'NG_021467', 'NG_021432', 'NG_007161', 'NG_054728']","[12, 12, 11, 11, 11, 11, 11]",50.0,0.513347022587269
GCCGCATCAAAGGTGACATT,20,True,61615,61635,1948,1.0,False,4,"['NG_050594', 'NG_047122', 'NG_016016', 'NG_008033']","[13, 13, 12, 12]",50.0,1.2833675564681726
AAAATGGTGAGTACAAAAGG,20,True,61717,61737,1948,0.3,False,7,"['NG_013019', 'NG_017036', 'NG_012654', 'NG_012510', 'NG_029056', 'NG_011881', 'NG_011740']","[5, 5, 13, 5, 3, 2, 16]",35.0,0.2200058668231153
GGTGATTTCTTGGCAGTGCT,20,True,61947,61967,2085,0.15,False,3,"['NG_009873', 'NG_034109', 'NG_009497']","[14, 14, 13]",50.0,0.2398081534772182
TTCTTGGCAGTGCTGGTTCC,20,True,61953,61973,2085,0.45,False,5,"['NG_033907', 'NG_008112', 'NG_029839', 'NG_007121', 'NG_009873']","[14, 14, 14, 13, 13]",55.0,0.4316546762589928
GGCAGTGCTGGTTCCGGACA,20,True,61958,61978,2085,0.7,False,5,"['NG_033907', 'NG_007121', 'NG_029489', 'NG_054727', 'NG_050686']","[14, 13, 13, 12, 12]",65.0,0.6714628297362111
GGTTCCGGACAGGGATGTGA,20,True,61967,61987,2085,1.0,False,5,"['NG_007853', 'NG_030333', 'NG_052809', 'NG_016178', 'NG_030020']","[13, 12, 12, 12, 12]",60.0,0.9592326139088729
GATGTGAGGGTCAGCGTGAA,20,True,61980,62000,2085,1.0,False,8,"['NG_033010', 'NG_033076', 'NG_016409', 'NG_009497', 'NG_016168', 'NG_013341', 'NG_051363', 'NG_051233']","[13, 17, 13, 13, 16, 12, 12, 12]",55.0,0.5995203836930456
AGGGTCAGCGTGAAGGCCCT,20,True,61986,62006,2085,1.0,False,11,"['NG_008833', 'NG_007941', 'NG_034039', 'NG_013356', 'NG_028282', 'NG_016645', 'NG_013374', 'NG_011646', 'NG_011540', 'NG_009207', 'NG_033010']","[13, 12, 11, 12, 12, 12, 12, 12, 12, 12, 11]",65.0,0.43601482450403317
GCCCTGGCCCTCAGCTGTGT,20,True,62001,62021,2085,1.0,False,0,[],[],70.0,47.961630695443645
AGCTGTGTGGGAGCAGCTGT,20,True,62013,62033,2085,1.0,False,2,"['NG_028278', 'NG_023448']","[14, 14]",60.0,2.3980815347721824
AAAGTTCCTCTTGACACCAC,20,True,62070,62090,2085,1.0,False,1,['NG_012303'],[16],45.0,4.796163069544365
TTGACACCACGGAATACCCT,20,True,62080,62100,2085,1.0,False,0,[],[],50.0,47.961630695443645
TCTTGAACTACATCGATCAT,20,True,62908,62928,2243,1.0,False,1,['NG_051586'],[12],35.0,4.458314757021846
ATCGATCATGGAGACCCACA,20,True,62919,62939,2243,1.0,False,6,"['NG_021345', 'NG_008835', 'NG_008480', 'NG_011799', 'NG_051551', 'NG_050672']","[13, 13, 13, 12, 12, 12]",50.0,0.743052459503641
ATGGAGACCCACAGGTTCGA,20,True,62926,62946,2243,1.0,False,4,"['NG_016178', 'NG_052795', 'NG_031967', 'NG_011502']","[14, 13, 13, 13]",55.0,1.1145786892554614
GAGCCACTGCCATTCTCTGT,20,True,62947,62967,2243,1.0,False,2,"['NG_054898', 'NG_034265']","[13, 13]",55.0,2.229157378510923
CATCTGCTCCATCCTCAGCA,20,True,62975,62995,2243,1.0,False,4,"['NG_042045', 'NG_050639', 'NG_027810', 'NG_064424']","[14, 14, 14, 17]",55.0,1.1145786892554614
AGCAGGTCCCGCTTCCACGT,20,True,62991,63011,2243,1.0,False,14,"['NG_029689', 'NG_013021', 'NG_052807', 'NG_052784', 'NG_033995', 'NG_029971', 'NG_029629', 'NG_029594', 'NG_012172', 'NG_012012', 'NG_009229', 'NG_008617', 'NG_008191', 'NG_033795']","[13, 12, 12, 12, 12, 12, 12, 12, 12, 12, 12, 16, 12, 11]",65.0,0.31845105407298896
CCGCTTCCACGTGGGAGATT,20,True,62999,63019,2243,1.0,False,8,"['NG_012012', 'NG_029479', 'NG_009557', 'NG_009229', 'NG_054877', 'NG_047092', 'NG_030010', 'NG_029659']","[14, 13, 13, 13, 12, 12, 12, 12]",60.0,0.5572893446277307
